ENTITY_ID,NAME,EMAIL
3,Sushant,foo@bar.com
6,Sushant,foo@bar.com
7,Sushant,foo@bar.com
8,Sushant,foo@bar.com
9,Sushant,foo@bar.com
10,Sushant,foo@bar.com
11,Sushant,foo@bar.com
12,Sushant,foo@bar.com
13,Sushant,foo@bar.com
14,"Sushant Pro",foo@bar.com
15,"Sushant Pro",foo@bar.com
16,"Sushant 2",foo@bar.com
17,"Foo Bar",foo@bar.com
18,"Sushant Pro plus",foo@baar.com
19,"Sushant Pro plus",foo@baar.com
20,"Sushant Pro",foo@bar.com
21,"Sushant Pro",foo@bar.com
22,"Sushant Pro",foo@bar.com
23,"Sushant Pro",foo@bar.com
24,"Sushant Pro",foo@bar.com
25,"Sushant Pro",foo@bar.com
26,"Sushant Pro",foo@bar.com
27,"Foo Bar",foo@bar.com
28,"Foo Bar",foo@bar.com
29,"Foo Bar",foo@bar.com
30,"Foo Bar",foo@bar.com
31,"Foo Bar",foo@bar.com
32,"Foo Bar",foo@bar.com
33,"Foo Bar",foo@bar.com
34,"Foo Bar",foo@bar.com
35,"Foo Bar",foo@bar.com
36,"Foo Bar",foo@bar.com
37,"Foo Bar",foo@bar.com
38,"Foo Bar",foo@bar.com
39,"Foo Bar",foo@bar.com
40,"Foo Bar",foo@bar.com
41,"Foo Bar",foo@bar.com
42,"Foo Bar",foo@bar.com
44,"Foo Bar",foo@bar.com
45,"Foo Bar",foo@bar.com
47,"Foo Bar",foo@bar.com
50,"Foo Bar",foo@bar.com
51,"Foo Bar",foo@bar.com
52,"Foo Bar",foo@bar.com
53,"Foo Bar",foo@bar.com
54,"Foo Bar",foo@bar.com
